{
  "v2.0.1.20190401": {
    "normal": [-1, 0, 0.4, 0.44, 0.49, 0.54, 1],
    "low": [-1, 0, 0.37, 0.43, 0.48, 0.52, 1],
    "medium": [-1, 0, 0.4, 0.44, 0.49, 0.54, 1],
    "high": [-1, 0, 0.44, 0.51, 0.56, 0.60, 1]
  },
  "v3.0.3.20190825": {
    "normal": [-1, 0, 0.44, 0.49, 0.52, 0.55, 1],
    "low": [-1,  0, 0.37, 0.42, 0.46, 0.50, 1],
    "medium": [-1, 0, 0.40, 0.47, 0.52, 0.55, 1],
    "high": [-1,  0, 0.44, 0.49, 0.54, 0.58, 1]
  },
  "v4.0.0.20190924": {
    "normal": [-1, 0, 0.33881, 0.41699, 0.46973, 0.50556, 1],
    "low": [-1, 0, 0.31, 0.36, 0.41, 0.45, 1],
    "medium": [-1, 0, 0.32, 0.41, 0.45, 0.48, 1],
    "high": [-1, 0, 0.34, 0.42, 0.465, 0.50, 1]
  },
  "v4.0.1.20191019": {
    "normal": [-1, 0, 0.344, 0.423, 0.476, 0.511, 1],
    "low": [-1, 0, 0.25, 0.31, 0.36, 0.40, 1],
    "medium": [-1, 0, 0.27, 0.34, 0.37, 0.42, 1],
    "high": [-1, 0, 0.35, 0.43, 0.47, 0.51, 1]
  },
  "v5.0.0.20191123": {
    "normal": [-1, 0, 0.32, 0.39, 0.45, 0.48, 1],
    "low": [-1, 0, 0.24, 0.30, 0.34, 0.38, 1],
    "medium": [-1, 0, 0.30, 0.32, 0.35, 0.40, 1],
    "high": [-1, 0, 0.32, 0.39, 0.45, 0.48, 1]
  },  
 "v5.0.1.20191220": {
    "normal": [-1, 0, 0.36, 0.40, 0.44, 0.50, 1],
    "low": [-1, 0, 0.27, 0.30, 0.36, 0.40, 1],
    "medium": [-1, 0, 0.32, 0.36, 0.40, 0.44, 1],
    "high": [-1, 0, 0.34, 0.42, 0.47, 0.50, 1]
  },
  "v6.0.0.20191201": {
    "normal": [-1, 0, 0.40, 0.45, 0.50, 0.53, 1],
    "low": [-1, 0, 0.35, 0.41, 0.46, 0.51, 1],
    "medium": [-1, 0, 0.40, 0.45, 0.50, 0.53, 1],
    "high": [-1, 0, 0.38, 0.45, 0.51, 0.56, 1]
  }
}